item_id,difficulty
4754,1.39713259796154
4780,1.03231239380182
4757,1.50846956042577
4764,1.90186641455442
4753,1.1770781518327
4507,1.12148441588696
4494,1.14869011118763
4504,1.15994444679216
4502,1.23876901549925
4527,1.44137419136637
4521,1.42564819639077
4493,1.61831649364555
4526,1.64633036421296
4500,1.64575776193691
4492,1.86158947462975
4495,1.99355365109081
4531,2.05131209945103
4748,1.50587400581848
4820,0.890689652033422
4815,1.14666627950643
4816,1.29184545024311
4818,1.74649810529625
4813,1.17743305412721
4812,0.574749668220902
4817,0.70544444250226
4823,0.949208761073331
4772,0.669069843865699
4784,0.516393359643468
4779,0.309092772468676
4756,1.5949210086502
4768,1.12525141786544
4761,0.797312375630816
4771,1.99687057265162
4762,1.38619667103885
4777,0.975489405717196
4765,1.47796050526639
4763,1.27749417514041
4769,1.44654651177592
4775,1.2452366232699
4755,1.84809336572499
4864,-1.68460047475376
3556,1.45712951639146
3566,1.75562351365987
3553,1.76910025869678
3550,1.90416416198062
3576,1.93231153980002
3561,2.01526129213868
3585,1.34052236848228
3588,0.961942914462662
3591,1.14842321997077
3581,1.79527432842786
3579,0.255009108997457
3586,0.334223014962269
3575,1.10590516698259
3577,-1.1721019850193
3555,1.32474935790077
3580,1.34550450917843
3592,1.39457940785054
3589,1.48859297551042
3584,1.7351532167893
3560,2.09450761336574
3572,0.514545817848103
3564,0.781423394372294
3559,2.14100078571918
3569,0.820638735847211
3571,0.994565720788693
3565,1.36320562051374
3568,1.32221148392881
3582,1.38043246840719
3570,1.3706140689545
3650,-1.87704655930154
3601,0.879846592241385
3596,0.876337702386517
3593,1.10385744137292
3598,1.91241485873253
3595,0.0761388678678613
3600,0.595864629277569
3603,1.95239753079876
3599,1.63747622419566
3602,2.24721358051032
3605,1.68933551806744
3693,0.649655496564178
3792,0.388308651798082
3807,0.670574582354075
3790,0.958870053199449
3787,0.862976356490988
3805,1.01712978109991
3831,0.638911108085475
3770,-1.28722226369658
3847,1.58278934219178
3794,1.37572945542835
3788,1.97873053901272
3865,0.761951952354616
3878,0.442405681770578
3883,0.522769474683897
3876,0.530677797458843
3873,0.618662903413741
3879,0.603901898192096
3871,0.745687141773793
3874,0.856697770697049
3872,0.155825425675128
3870,1.5328306133266
4116,3.6458531293183
4088,1.12704160599236
4086,1.1682582049114
4096,1.07930193974432
4092,0.523211760478821
4106,0.682495897779796
4090,0.421226447417022
4098,0.434124927907568
4109,-0.189410118490185
4087,0.852309972930322
4142,-1.49709109371196
4146,-1.71706241157721
4144,-2.11898741023831
4274,-0.117861097034152
4268,-0.647563623309262
4282,-0.601536141235137
4284,-0.498380501359151
4302,1.00323030765383
4256,1.19036033524819
4286,-0.116894332025065
4264,0.783020079429867
4266,0.723408733323624
4270,-0.061562051405308
4276,0.341863904768876
4272,0.0419975525968819
4383,0.778115814081288
4379,0.166841509204739
4360,2.5970419345375
4349,1.28325538952401
4398,0.576125004945695
4436,0.382965615879113
4404,0.470292495434654
4461,1.21591490536721
4465,-0.0112973482033602
4445,-0.597756897606844
4441,0.418531495995472
4401,1.34471809563988
4472,1.21407731815421
4476,0.659275595761806
4394,0.642499482571938
4392,0.618893632173999
4462,0.504781580854221
4425,0.132276001030518
4421,0.244325473747031
4577,3.64596577688887
4511,0.53491400637535
4532,0.57648420948677
4510,0.640423351513741
4480,1.12985948994932
4485,0.798484279387073
4482,0.371329328327682
4539,1.82195380305085
4506,0.797559887889346
4537,1.81036234605942
4542,1.78245146280186
4505,0.855900058316973
4515,0.906221051237008
4524,0.964253579142136
4508,0.96206282112839
4496,1.17357281596184
4528,1.04209725787549
4541,1.36006224219051
4503,1.13791791230303
4533,1.22429612499211
4513,0.287219120360175
4538,1.19701633118923
4540,1.12523245938058
4534,0.717147705540556
4578,1.74601326655337
4512,1.27526810428567
4523,1.43404044569235
4501,3.19011160335695
4522,1.48312006019421
4509,1.96226210364909
4592,0.843297752205467
4742,0.217879538724825
4719,0.231294947273039
4720,1.00304818887719
4749,2.67666269587314
4721,0.247818694823654
4735,0.36330550075785
4752,2.66912259400913
4718,0.369671274212002
4758,1.55979253737069
4728,0.385009751167724
4751,2.78414697009995
4715,0.604149787654432
4730,0.638192326377103
4723,0.646153061216383
4726,0.801714968480574
4731,0.983603710995467
4722,0.909224826067966
4725,0.949821462891915
4737,1.00991047330572
4750,2.46834832744357
4729,1.03330317625818
4733,1.1549140285308
4736,1.69453248929907
4739,1.20031842120069
4741,1.88207913994413
4724,1.36600234740028
4746,3.33335148444261
4738,1.47988080642142
4767,1.72857500444771
4759,1.75745558207038
4766,0.760134301884607
4747,0.871219844136464
4760,0.390832190792484
4732,0.478850011108119
4713,-0.513802930723673
4745,-0.42522628574517
4714,-0.414992897994245
4717,0.108711270674569
4716,0.157437616718803
4744,0.188649460859516
4782,0.199699807457304
4825,0.921940098089081
4833,0.991169515715431
4867,0.744191358903859
4848,0.253282648786079
4796,1.954124491108
4857,0.268611171208395
4786,-0.746822023918009
4776,0.122279873080145
4809,1.51464776704638
4790,1.76439377025368
4846,1.34802576727338
4791,0.65157525028109
4841,2.28980300556077
4781,0.280623925778341
4822,-0.249854527559551
4865,1.16325118147185
4832,0.606885642064326
4862,0.532446296113306
4856,1.97551317004273
4778,0.137770980386838
4829,2.14228422346479
4808,2.41718871582361
4853,1.49103587891668
4842,0.832994636316034
4810,0.591405375832366
4837,1.40774220188149
4821,0.518147651618562
4774,2.01851978970666
4855,1.0390297150181
4839,1.41279866233299
4806,0.746585799229966
4785,0.78057866955173
4803,1.34872704461468
4792,1.01816518858476
4858,1.67447923653328
4863,1.58265584988479
4830,1.23117515846501
4805,1.31236926949396
4860,2.16369077163391
4795,1.21705527023763
4807,0.414797917442337
4802,1.18439840275424
4804,1.18386249657848
4854,1.63209314686979
4770,1.45334281778048
4835,1.4967975127682
4788,0.758467523371633
4850,1.66065245453225
4799,0.976930878870722
4773,0.535710472159328
4794,0.764980026637514
4831,0.877011386117658
4847,1.0372950023083
4789,0.745539929293973
4819,1.29372521109924
4814,1.71655214080855
4826,1.14277806047989
4783,0.736162670711878
4793,0.336498071817304
4811,0.947912076763546
4852,1.4592308531175
4787,0.802760247764178
4840,1.20555339082953
4800,1.47146355266097
4859,0.214787267855221
4861,0.542837142057834
4849,1.54660300269268
4843,1.42936395206709
4866,1.56732322223164
4851,1.92227625569326
4824,-0.26505563288071
4797,0.414410600118401
4801,1.45404584508928
3131,0.371330857720225
3127,0.42389318609622
3119,0.73685830071368
3117,0.517465475104105
3135,0.848908463909231
3130,0.582260655504397
3122,0.95296133659897
3137,0.307723440984994
3134,0.660400493381338
3172,-0.0923930861381871
3207,0.801810716715869
3212,-0.361492942347762
3223,-0.307639347172366
3181,-0.375109402141472
3187,0.125684391954674
3209,0.60892100646376
3229,-0.18408490496962
3138,0.427666613303231
3191,0.462956242632544
3141,0.506804612071267
3208,0.414625639932847
3159,0.51949033933926
3171,0.409046190063818
3153,0.542374034457484
3211,0.248133677508286
3245,-2.22231090120052
3149,0.654165304852497
3241,-0.428617836306081
3222,-0.8261752636112
3163,0.685783707655406
3200,0.228264521455776
3225,0.264778166861414
3164,0.769082974233134
3195,0.00826319541103243
3139,0.905258812698229
3231,0.207718367413112
3183,0.0528538224131863
3167,0.117782548465682
3177,-2.65879406781306
3217,-2.46600382605933
3201,-2.35144992173902
3228,-1.81778879273794
3235,0.0171356625892462
3173,-1.0216146264007
3189,-1.20867949592044
3199,0.534495235947278
3243,-1.34773006856577
3221,-0.175598476831945
3227,-1.33472004063975
3232,-0.169493532595788
3143,0.657544030136248
3248,0.95305337783185
3268,0.732736676039494
3346,-2.66652946511667
3355,0.489878925909325
3298,-1.1140986919247
3276,-1.10217625072422
3307,0.0686163576968925
3331,0.122992921997748
3254,-2.06855398430443
3270,-1.22246307078986
3312,-0.681898753784645
3337,-0.567883900876522
3260,1.30357747970015
3345,-2.39726087190824
3306,0.708844012363884
3315,-0.261310975169983
3318,0.925583759429243
3255,-2.35759392313586
3319,0.362328492718185
3309,-2.56493118356426
3252,0.889232755122127
3264,0.730939959932185
3274,-1.82900830035138
3284,-1.77082654145978
3301,-0.47111201538942
3353,0.716089096279855
3351,0.268807258251304
3261,0.636715519406724
3266,-0.138145620963422
3249,0.510719489079166
3253,0.462270437506061
3290,-0.35620636396065
3258,0.26501682395935
3292,-1.79213841453038
3269,0.277321007346042
3294,-0.325797217030521
3357,-0.563677599987523
3316,-0.330662805784295
3327,0.515627755458526
3296,-1.79272718337048
3280,-0.17915482993986
3286,-2.65925074069339
3320,0.319470149093587
3308,-2.3682233168048
3304,0.372294316790085
3297,-1.83296860105804
3338,-1.07103147450593
3314,0.330453611681841
3322,-1.32615066029546
3329,0.274808594529459
3300,0.0743426136421697
3406,-0.0622103164678001
3372,0.0109496812405444
3375,-0.549033556482263
3368,-0.342916111141665
3426,0.364729085207857
3360,0.0594610788077433
3379,0.348428196910077
3382,0.495752415435362
3409,0.560417056259293
3403,-0.334070659778683
3419,-2.93905910990634
3458,-0.22339588338096
3422,0.439479726098928
3373,-2.4426833235521
3407,-2.44264855978502
3460,1.00772573609601
3397,-0.653979358474848
3446,-2.36716493360927
3381,0.867206458447151
3358,-1.22611140586612
3454,0.730791419832373
3462,-2.22545913006501
3359,0.554971738373911
3441,-1.10830706244867
3444,-2.14599865087306
3451,-0.842249380538151
3430,0.466608849619727
3432,-0.826054316622052
3393,-0.159053660664164
3371,0.435274401709107
3401,-0.117952666154328
3452,-0.0906041744291608
3365,-1.0254567734068
3389,-1.29934765306079
3377,0.347589394120288
3417,-1.25007604529622
3428,-1.2188628780079
3362,-2.62108761181555
3447,-2.3748084823652
3405,0.281479067673937
3369,0.687683567043739
3450,-0.215630649738493
3378,-0.230250354602171
3385,-1.59453812065652
3367,0.267544861948612
3415,-0.0945661783754093
3380,-0.237796307887685
3431,-0.0810633230867716
3424,-1.8882963186016
3361,-1.92874319865285
3501,0.198480617903936
3478,0.241651555890879
3470,0.984980603900696
3482,-1.47911413279948
3486,0.586092623184509
3466,-1.58903479486552
3488,-1.66281622584403
3504,0.567481603731397
3512,-1.46479050441817
3502,0.63663277783959
3492,0.56118309551971
3472,0.525812539708781
3522,-0.988813934328151
3508,0.767369383539798
3510,-1.0340286492928
3529,0.532155479792225
3523,-1.20168100039597
3567,0.477744954648419
3558,0.567934823338758
3562,0.930296884813517
3494,-0.323941086704354
3554,1.0960641907633
3557,1.55535773737289
3515,-1.50623948806326
3490,-0.0542388421145218
3474,-0.0284012393055351
3518,-1.57817219581118
3514,-1.58500989451353
3521,-1.61332908769518
3511,-1.72499344047012
3517,-1.88287847447125
3500,0.601815382498155
3480,-0.568888248346412
3519,-3.24323638904163
3484,0.660825786818256
3516,-1.32380338288189
3496,-0.386881731919529
3513,-1.23489139466998
3473,-0.0995797146611978
3551,-0.322491872570516
3563,0.203808301426649
3552,0.270374856314913
3549,0.3092666717661
3505,0.196143924372833
3652,-2.41586268870456
3683,-1.87121454719103
3665,-2.26181996109549
3647,-2.1615898645884
3606,1.06854364795862
3666,-0.713208375489512
3637,-2.00426996029927
3616,-1.80487402156869
3655,-2.08908694093529
3654,-1.79329697053667
3622,0.0350308308746484
3645,-1.73743180510329
3672,-0.0442930409381726
3684,-0.0368680132438215
3590,1.4386812276021
3578,1.65994585759204
3681,0.574985562791773
3574,0.38857105361383
3607,-0.169809218531995
3663,-1.05418131986239
3587,0.0205431943491679
3675,0.134239653507161
3583,0.147648927727148
3594,1.90727719851894
3604,0.503754227872987
3669,0.691779248255084
3685,0.147385118596136
3627,0.293717763349076
3679,0.7318333596784
3664,-1.66583611990325
3640,-1.01640187852902
3676,0.179497371522436
3677,0.31290277926783
3670,0.387033320229792
3573,0.990656186538103
3674,0.394789424852067
3673,0.523752409401024
3608,0.715140501710897
3597,0.84539760002305
3656,-1.63803895225229
3661,-2.09511631625877
3667,-1.59343964090473
3680,0.536918997862197
3631,0.143147715200808
3623,0.219783536170535
3651,-1.55067419346757
3615,-1.34888199670954
3678,0.294753391388799
3642,-1.06058483551547
3660,-2.67925661953766
3662,-2.57198939703269
3668,-2.53953945618989
3682,-0.771793189757476
3639,-2.98752351983575
3658,-1.46313546619755
3671,0.515419610149138
3722,-1.97406551523604
3686,0.538117558007246
3757,-0.691205531041199
3704,-0.210739223729067
3774,-0.791034481049014
3713,0.790514218319387
3743,0.15003455228694
3745,-0.117557153880333
3733,-0.127750181620126
3766,-0.0307704099603761
3734,-0.019390592363372
3706,0.491934566566467
3753,0.346796195028977
3746,-0.159483898446796
3729,0.193963986890054
3728,0.345101449542358
3771,-1.59044951877766
3756,0.74918249360701
3720,0.0535824448780006
3699,-0.06894238303512
3698,0.541670279860665
3721,-0.0718244340751046
3688,-0.502723442407962
3712,-0.212512353297954
3714,-0.27239522104642
3727,0.536325753948734
3689,0.0552301925148224
3703,0.394214029928432
3705,-0.0204595495833062
3711,-0.384692358507362
3719,-0.401033649902998
3710,0.0997317152738957
3724,-0.0408774796437097
3697,-1.41437583451649
3716,-0.734409981932318
3736,0.692015310202076
3747,-0.762928256903103
3775,1.72988374640999
3731,0.0845209077556043
3717,-0.933765965808894
3740,-1.66818373381205
3725,0.443028617443343
3741,-1.7399919982454
3737,0.769943911428582
3708,0.664809777825675
3739,0.949260722930384
3707,0.742130889426102
3709,-0.610774949743746
3700,0.298617129124647
3718,0.396470367972527
3732,-0.229233761926386
3690,0.437796960485995
3738,-0.21557927677402
3695,-0.434145138622417
3691,0.846123900525128
3687,0.258865919465282
3742,0.180070992069638
3750,-0.517618629101744
3715,0.454884093969322
3696,0.43951290253297
3702,0.440991271378957
3694,-0.322981723628523
3735,-0.221923706049809
3730,-0.185063357918783
3726,0.120919192990054
3854,1.16691206672579
3850,0.998795394276576
3849,1.11653644905261
3802,1.62584211599508
3786,1.10540943709433
3817,0.686104483818635
3819,0.308551857606583
3825,0.32572168052737
3830,0.377921780273818
3828,-0.49869932062848
3845,1.26927821885896
3846,1.33029187007455
3881,-0.424269371583791
3843,-0.326121465274565
3834,-0.154443617674672
3837,-0.991148115808825
3856,1.18621000557609
3868,-1.01090500115767
3866,-0.758622098558646
3869,-0.626968792376297
3863,-0.0526561345810642
3864,0.0145069782240789
3860,0.0643341226305926
3848,1.5447152077085
3859,1.69988867258462
3877,0.206020629263467
3857,1.47531753566634
3880,-0.44550590285825
3806,0.653334528884063
3781,0.373139961270476
3822,0.0204443648653734
3840,0.123593866659649
3861,0.121013186040776
3784,2.80693946607834
3858,0.214848139189127
3795,0.941839390651762
3829,-0.618763906852543
3838,-0.545940535760044
3820,-0.533808371930661
3882,-0.409112918930117
3875,-0.402801221698141
3823,0.0178078106617092
3862,0.347139595128401
3779,1.11917170850689
3799,1.21348913724713
3785,1.4260252766808
3841,-0.390862384224511
3835,-0.208303880379116
3852,0.817095143426715
3867,0.430543792537107
3853,0.638846035859534
3851,0.958130476295125
3782,1.47901683034094
3783,0.807780478847403
3855,0.966001955810837
3943,1.25648605226125
3908,-0.482897884714828
3906,-0.451550801751784
3904,-0.180672442109149
3905,0.133461641203785
3903,0.172859545772177
3907,0.752914016471116
3902,0.446382985018842
3901,0.479718352134047
3892,0.0942398114457745
3931,0.683381485085687
3934,0.724375749092138
3942,0.725318890918551
3916,0.172928312144077
3941,1.25105423531523
3936,-0.258417267600603
3970,-0.112298293570642
3957,0.319794200955519
3888,0.172432349278667
3929,0.300251538778965
3895,0.400002930533157
3898,0.457422121144109
3893,0.499966306371584
3887,0.589245451415769
3890,0.753634732253301
3886,1.072164970012
3945,0.804410258894706
3961,-0.026653745120898
3971,0.0452854823887821
3923,0.872423972885337
3926,1.05605183364089
3912,0.652783452934038
3915,0.216076320994797
3927,0.293914178964203
3960,-1.0211093133485
3897,-0.456896249688297
3955,1.49295860072146
3900,-0.693745283577165
3946,1.49133296051949
3937,0.295395445416419
3967,1.69677314162169
3939,0.414746595612265
3914,1.35677114499163
3896,-0.477210489858479
3889,-0.554473152436161
3891,0.910440719820172
3885,0.50886838824403
3894,-0.547465359933095
3930,0.476588511395889
3958,1.22168967950458
3922,1.16060245521055
3925,1.12321261313633
3909,-0.576684947135558
4055,-0.142489975610253
4040,0.351231199821888
4049,0.390680889224613
4001,0.720386263669796
4026,0.0320700979852824
4003,-0.119082008110678
4008,1.27072222435936
3979,0.103182647830719
3977,1.44400622503221
3996,1.26833758729743
4052,0.698029573232842
4035,1.08217588469456
4024,0.194078640858413
3982,0.417973220352492
4007,0.439147117465594
3984,0.462179852030591
4032,1.49551330477287
4034,0.731597387755725
4027,-0.348942767704751
4043,1.14052220961792
4030,1.3370508002651
4048,1.2406854507886
4013,1.33552033237941
3974,-0.273749360524063
3991,-0.119370520114959
4021,-2.00542257884723
4042,0.792456483661268
4028,-3.06306719697722
3994,0.49317668803676
4045,0.895575074838349
4018,-1.03254268130247
4017,1.27907095060729
4044,0.855828984536729
4038,0.823096566279055
4009,2.20989919524242
4023,1.27973799672721
4033,1.02736925066437
4054,0.0236535810303767
4051,1.1113416665032
4057,0.0293412127216163
4058,1.50304217359365
4014,1.3160000422489
4037,1.31020211487426
4059,0.484037996992749
4053,0.0889334693974276
4012,1.25244142543066
4036,1.14120394676686
4031,1.05381468435331
4006,0.280596293230561
4005,0.569336555738943
4046,1.6037332502269
4039,1.4449060426193
3995,0.573306630167159
3986,0.609714746714547
4041,1.08305542894462
3992,0.641552881989948
3990,0.0176389140716257
4050,0.241912514544688
3987,0.0948822533680208
4004,0.171371287086164
4056,0.338119815626431
4047,1.22797190788199
4120,1.53670547754507
4108,-0.0901049469240184
4133,0.083360621791645
4113,-0.0134998981267485
4124,0.355297676992358
4066,0.415570502860095
4069,0.572204443969531
4158,1.98780575576356
4077,0.641234326468186
4097,0.594485373056129
4114,-0.17110960193385
4154,1.06023537493151
4118,1.21738556545288
4126,0.610525149541117
4110,0.126334791044876
4102,0.163344954351972
4073,0.724190494589657
4064,0.822273683364851
4070,0.876245080052642
4122,0.689783179030524
4089,0.261107529802177
4104,0.273569818906157
4123,0.870808513120631
4101,0.364287568967842
4148,0.203042788665073
4143,-2.22430509084147
4112,0.357473818480456
4119,0.0140066172733716
4060,1.64305793256456
4082,-0.718316553773837
4137,-0.786295159347875
4153,0.712421147380022
4094,0.659652612330203
4068,-0.460585533705772
4095,0.391348502733716
4085,-0.203014542945774
4151,0.885214327667087
4157,1.25445803123934
4084,-0.19844927777493
4099,0.458988514733503
4115,-0.949372686153308
4079,-0.128006005478554
4105,0.467368331002184
4161,0.890701504046635
4152,1.28533911563653
4150,0.927804138426529
4160,0.952833480551086
4111,0.517017182159317
4107,-0.470835196122011
4093,0.656009014776729
4080,0.00130897468779023
4159,1.33329214901399
4155,1.381249386746
4156,1.48905226524169
4138,1.31320378693485
4083,0.222387017592683
4149,1.48999803857672
4249,0.895060020478753
4239,1.00782687199779
4190,1.30743343511082
4243,-0.511996722837162
4178,-1.07462294687908
4164,1.15339820862674
4194,0.0926931757226519
4213,0.180457948290949
4165,-0.115596051248411
4198,1.46548205381362
4170,-0.241238435626597
4173,-0.906648731034774
4171,-0.207647680686215
4224,1.15395277715612
4244,-0.497475260641737
4203,0.410028676025694
4179,-0.707180134285878
4237,0.439037955430255
4229,0.384121794514274
4230,-0.453638983797543
4166,0.0328302687864744
4174,-0.582002686993281
4182,0.705665446267747
4236,0.47365757868418
4169,0.185592316014851
4175,-0.385904828548187
4238,0.680669428262072
4185,0.612001873973838
4235,0.327441779541705
4192,0.351979805057763
4208,-0.302620711352118
4226,0.458628329395315
4234,1.22692672408072
4183,1.38076022086168
4202,0.377405995824925
4248,-0.963431705621738
4196,0.87830306369812
4181,0.612208808890477
4199,0.649601798070748
4211,0.753988122060764
4167,0.167735330357005
4215,-0.748995868138045
4216,1.23360101202899
4219,0.557422058538467
4212,1.21026868035575
4214,1.0693304011183
4162,0.696295640312324
4245,1.00699452897028
4168,1.27562783659254
4205,-0.109035626867116
4246,0.507293438170102
4201,0.00468334946507831
4233,-0.0848553397414153
4197,0.886872387654076
4195,0.71120478471982
4228,-0.0568715801468969
4223,-0.529610871520007
4189,0.579726355150278
4218,0.905121789104871
4217,0.0353251824694653
4206,0.204673626335401
4210,0.494969449778725
4163,1.03688058006168
4240,1.29185221253009
4193,0.761774270950391
4225,0.828146673487569
4260,0.570338590664182
4254,0.269157047981492
4257,0.231620664434091
4271,1.61297683031253
4301,0.221369352625804
4339,-0.257644000630175
4269,1.00947967182482
4340,-0.615822606461321
4307,0.257205689606257
4330,-0.236569053198172
4329,-0.582965723051486
4259,0.813520583363854
4351,-0.429156881366687
4289,-0.884660282239148
4337,-0.227502668399931
4333,-1.36945306437909
4315,0.290850742068454
4338,-0.382732668125343
4328,0.0349476930423495
4348,1.38463357147259
4309,0.380579100048042
4291,-1.21088400916009
4324,-1.38757784254962
4321,-1.20290896708911
4299,0.57350932239215
4305,0.126896182665364
4295,0.145662821396717
4297,0.145955832140786
4334,-0.302388832836158
4252,1.2175422290603
4347,0.765951788619514
4326,0.373648545857229
4332,-1.53618615265908
4320,0.382527332353653
4283,-0.00123252982839233
4265,0.794674549530478
4250,0.716541976191663
4316,0.947367692285579
4308,0.668759025869819
4261,0.0899003907752466
4278,-0.903237758867854
4294,0.655941104750199
4292,0.489679247943602
4304,0.648862212195325
4263,0.740435170023457
4319,0.605597728200668
4298,0.571656164277176
4343,-1.81860456429801
4255,0.735689812631544
4300,0.570028101595386
4262,-0.482834237426904
4273,0.508016220546706
4253,0.42237117795453
4311,0.436718105826853
4336,-0.875810084488212
4342,-2.19265125572237
4275,0.405088112922691
4293,0.153816127103472
4327,-0.0575485164500734
4285,0.399901910295321
4331,-0.736241355879885
4288,-2.56880489434104
4341,-2.04518739167122
4314,0.0806640708260165
4258,0.318268007661905
4358,0.397389822241267
4367,-1.19224116985367
4406,-0.819412695443812
4396,1.98568293353019
4437,1.85672250496325
4407,1.48113828240702
4390,1.45795325720484
4427,1.1447638898543
4435,1.16513772232045
4431,1.14141272568434
4397,2.0108988400534
4428,0.752946867124375
4450,1.13076943158993
4374,0.777389173461572
4378,0.645308016508703
4388,0.316118294991263
4411,0.318754525467489
4448,0.620573822301048
4419,0.351346638014756
4439,0.533211265555609
4443,0.135346252846918
4376,-0.349965344375258
4452,-0.409549671730877
4417,-0.33394697901225
4372,-0.286185548769249
4366,-0.255600326143201
4415,-0.265206859285558
4446,-0.150414657465032
4384,0.437587978003832
4405,-0.243465809128652
4409,0.072690924796806
4420,1.03549305229127
4433,0.372512783644533
4370,0.221234639887041
4454,0.248283159033334
4391,1.12069071332045
4393,-0.24283861582966
4385,-0.405200968982973
4365,0.464215558431126
4442,-0.142067403035721
4363,1.29357373199572
4364,0.892720582102157
4418,-0.0785507153318147
4361,0.776414461983731
4422,0.282364749811856
4362,0.652773579004724
4585,-0.728927441421634
4588,0.335031663498958
4583,0.56478949829283
4590,0.656568078957697
4490,0.606824206808641
4536,1.06833669364453
4471,-1.20771371141555
4535,0.257968016980422
4478,-0.0841593391907921
4468,0.0152840774433391
4596,-0.0119157979731151
4598,0.0478809558342885
4594,0.258533132558983
4593,0.508830929912635
4591,0.518529390506086
4597,0.53322687824389
4595,0.660776302487601
4584,0.864531485470709
4587,0.591157675477077
4576,1.3183383093855
4514,0.938620759364022
4589,0.724154371455796
4499,0.432923342788761
4516,0.598784456568155
4582,0.83538669093641
4574,0.937994941688135
4518,0.930003413494792
4580,1.46240468213582
4525,1.26998860520822
4497,1.31400571964288
4529,1.45485354888335
4498,2.43373643490201
4519,2.53498281415366
4530,1.00886052668566
4520,1.22803728375059
4457,-0.441258935858417
4517,0.0644257307578515
4662,0.951058188042764
4673,1.06984197364211
4663,-0.712954878975218
4667,0.315217053882428
4674,0.318562797049699
4660,-1.12283358738519
4669,0.169014697331232
4659,0.323483611121996
4666,0.382298558858228
4651,0.170653052366385
4670,0.449385815442233
4650,0.503250974076664
4649,0.656010003643495
4648,0.672482034946391
4678,-0.72550958040869
4696,-0.561931009534084
4680,-0.293772758196302
4691,-0.194906211206285
4690,0.217882449635043
4688,-0.278211666949088
4677,-0.0518101279810024
4693,0.00086235387671475
4683,0.0531803829252745
4689,0.0989335336739808
4692,0.144370395625839
4679,0.496248898067559
4697,0.54912445687426
4685,-1.00620281497247
4687,-0.618685701239212
4694,-0.334291941465587
4698,0.0153230075573222
4654,0.696984061142814
4668,0.84032657627316
4671,0.0550999549374238
4700,-0.695503380821799
4702,-0.601919797301933
4706,-0.446381892261873
4798,1.97622465140197
4701,-0.228652314272085
4838,1.13873941683179
4703,0.132041009297578
4834,1.23309958652669
4707,0.542060253930248
4836,0.795423504687037
4844,1.07399808821728
4743,0.0859035885786663
4740,1.42369266342864
4727,1.15887918624935
4709,0.0368552605817152
4827,0.65564716661319
4828,-0.225455538113631
4845,0.0147233476365901
4734,0.586720471124489
4712,-0.312382929294991
4708,-0.303347585179208
4710,0.0601232763949731
4711,0.325979282661182
4704,-0.107329324441866
3402,-0.587867312696333
3202,-2.9169078959158
3317,-0.716894467084631
4424,-0.368186258869763
4346,0.547358367111271
4353,0.169662748560708
4444,-0.0685877518036896
4371,-0.0456271901229021
4267,-0.0771644638673968
4317,0.0556686585435952
4447,-0.55759559723295
4313,-0.271811984721771
4456,-0.728418495221795
4355,0.272593423116942
4325,-0.242575144398779
4389,0.238672282529531
4345,-0.227840479568912
4412,1.13046940020569
4318,0.00267989390774284
4296,0.427494319615731
4387,0.0760542894416637
4453,-0.296620003507578
4432,1.19716406455485
4380,0.472348140744302
4141,-1.27488899904144
4449,0.281941723822198
4459,-1.35664923525803
4434,0.285690949895891
4310,0.751139655958028
4359,-0.163682257654155
4410,-0.420587112061526
4458,-1.34246394620887
4287,-2.70652139463721
4377,0.420939818015975
4414,0.189782442441345
4357,0.290903551319699
4423,0.00632704971495488
4373,-0.299811869514026
4369,0.434848615177393
4312,-0.6144816586433
4375,0.512415134186095
4306,0.453642616866941
4322,-0.558258455526083
4430,1.26354843863311
4356,-0.0868833866695374
4400,-1.69118789973476
4413,0.178397397999965
4386,0.235679421946697
4344,-0.933980083100135
4460,1.02216517547551
4350,-0.00733431086611158
4440,0.0123421610655806
4408,1.51358597169368
4281,-0.126293493735401
4368,0.608339092638522
4399,-0.692802921308104
4451,0.23332103613381
4352,0.0512493819018924
4402,0.842366541179547
4416,-0.625694826394757
4438,1.52598511727757
4551,1.05706031209761
4611,-1.15766384954451
4602,0.208895028739167
4603,-0.116488259791667
4556,0.0973922073782566
4573,0.205011623035799
4567,1.52264428111175
4564,0.829990273671906
4543,1.52832254836081
4552,0.26206883506374
4562,1.12819405162505
4544,1.87849846848185
4586,0.362891749745903
4475,-0.394852642736932
4463,0.2053868569049
4474,-0.46165993573552
4605,0.16443512686574
4565,0.984400245144149
4545,1.89388130444025
4569,1.01239203359858
4553,0.295963408264575
4489,0.332166872111235
4483,-0.187602547729427
4473,0.449769758155664
4547,1.63498192839704
4467,-0.129760705136378
4581,1.32412147675052
4549,1.12543839309788
4487,0.141961689993991
4470,-0.866357600882787
4464,0.49557111469303
4466,0.103804386728574
4550,1.96824578140134
4579,1.62642117189567
4559,1.23213024717716
4572,0.624594131747
4570,0.595498374622626
4571,0.37964573893047
4575,1.60422276796154
4488,0.2391037957068
4491,0.269132241803967
4561,0.231904517833
4546,3.14893338043752
4600,0.120082255855781
4566,0.731389917746608
4548,0.69203149634587
4479,-0.65070951603179
4568,0.663986404727221
4601,0.575352217247392
4604,0.505209437650208
4469,-0.448471650001086
4481,0.807568493053038
4560,0.605955740204209
4484,-0.300774732960149
4477,0.541955763615563
4558,0.969174257898939
4557,1.43436360171712
4618,0.189284745833273
4621,-0.538817429049749
4599,-0.268069058869984
4486,0.76903592963754
4613,-0.800812803681454
4554,1.00518268814979
3121,0.209938328699236
4636,-1.08715858474764
4682,-0.287947211519117
4647,-0.610830272043345
3169,-0.570474037114888
4705,0.626408024545196
3147,0.32673437602072
3203,0.387575426582802
3132,0.226981765988461
3151,0.26676609499343
4658,-0.321291996377652
3160,0.348290450255624
4661,-0.186021941527445
3193,-0.226572581064471
4665,-0.560517955583546
3174,-1.60276698494553
4644,0.0097413866581201
4655,-0.305561074317015
4652,-0.0848624448688061
3126,0.506956567601383
4640,-0.43217942559693
4686,-0.492998082665795
3218,-2.62453623610289
4645,-0.309088903981126
3230,-0.76613628184453
3161,-0.0270799397295614
4672,-0.00911049676492016
3154,0.0240830376765073
4675,0.894514189125636
3156,0.0622271629438472
4657,-0.68527880813847
4643,-0.123855432749095
4653,-0.800479924156831
4684,-0.781303294358371
3236,-0.590574149224297
3133,0.09596013419145
4664,-0.833638911013734
3144,0.100556638849712
3150,0.411449607713271
3170,-1.23387585555412
4641,-0.12497847014473
4635,-1.88625681142501
3178,-3.72334455868817
4699,-0.448914044140177
4633,-1.13454919059516
3140,0.112685348862722
3146,0.16030340208598
4695,-0.408064684402876
4642,-1.09803630489603
3152,0.168484403205678
3287,-2.78650775489362
3356,0.00645826346632048
3374,-2.68596320120878
3376,-0.770213056494656
3250,0.981434639011801
3445,-2.68619287775018
3354,0.0132516368809301
3335,0.782775245757016
3456,0.102234329470705
3434,0.549190023515918
3239,-0.108371896704559
3262,0.522996729275162
3461,-0.168077670222981
3400,-0.992933071148232
3390,-1.89648826717523
3278,-0.224894805857905
3391,-0.320116246431968
3436,-2.6600558513421
3237,-1.09360263904555
3285,-2.65171233349784
3408,-2.63423372697244
3246,-2.45517826517585
3418,-0.730866073007196
3463,-2.20496153455009
3256,0.150330549583094
3481,-1.22991803117923
3411,-2.03317141700662
3476,-0.522877642102662
3275,-2.14088534695551
3395,1.15790765739148
3392,-0.524065782597781
3421,-2.5868043659654
3459,-0.369940555067157
3399,-0.276578851300063
3310,-0.0739690120066587
3440,-0.413896995047966
3333,0.633386169346801
3464,-1.21991927303409
3471,0.572048675189786
3277,-1.26038734481801
3242,-1.10668292606051
3366,-1.36405511153047
3299,-1.36910553296969
3483,-1.37323854303592
3293,-1.81931831992687
3453,-0.844336396415078
3420,-2.82120208738803
3536,0.254137696050554
3503,-0.0767453742079306
3833,-0.0502549846566824
3613,-0.662211177266038
3884,-0.000385884724747582
3818,0.555131468310391
3913,0.513073165779494
3497,-0.752354057495963
3493,0.266808246941934
3641,-0.625326233505478
3625,-0.611945471299605
3491,-0.487339691649622
3532,0.458023458076192
3630,-0.595957650619878
3634,-0.921208478375854
3614,-0.132682975636053
3495,-0.443710479966811
3657,-1.71353777665419
3506,-0.318300539600934
3527,-0.0649395444426578
3535,-1.60382534263552
3526,0.438033264518838
3609,-0.548659345751574
3621,-1.45857518361878
3524,0.408208779153876
3528,1.00809468631559
3620,0.408937033356234
3525,0.352935111496248
3636,-1.16449409596465
3534,-0.904593196750298
3839,1.17524310145294
3530,-0.22933720872339
3537,-0.0578226816975983
3919,0.234822105536414
3629,-0.254860266723349
3932,0.259920745083038
3632,-1.29451752082805
3644,-1.42592427512758
3498,0.662528078545473
3809,0.143258942605529
3618,-0.47470180074525
3539,-0.0539592471174095
3538,0.06110326340314
3921,0.915463316220014
3836,-0.122630203670246
3635,-1.28621573374603
3933,0.444135897008396
3610,0.590215274436026
3821,0.229430734090991
3773,-0.582528476822016
3797,-0.115031240861015
3533,0.228511550369714
3643,-1.29599385412617
3653,-1.08238233604097
3611,-1.26323215305402
3487,0.0715465428503179
3844,-0.642692344403871
3827,-0.294919937400132
3624,-0.0973326565478878
3826,-0.124757963090214
3832,0.12870636664544
3649,-1.17825586986342
3648,-0.773227130904712
3626,-0.105925306711018
3920,0.4886909202626
3899,-0.498403560776241
3988,0.36774291751065
3983,1.16279300053918
3981,0.831043029748842
4019,0.810397123461557
4020,0.0787076715678344
3944,1.09233151203295
3965,-0.743740241857406
3949,0.346943846310769
3978,-0.633011141988243
3998,0.980549724491802
3947,1.59842371093794
3997,0.0725538020352212
3972,0.716780516038261
3999,-0.421346619788734
3976,1.07770786451923
3980,0.31640848834466
4000,0.929757699647375
3962,-0.460841267523375
3429,-1.34337622697134
3619,0.776105258763499
3751,0.101629041360629
4656,-0.175680904199846
4395,1.31866375017645
4563,0.806147080342473
3531,0.334787781281155
3692,0.165756782249189
4555,0.660692039392304
4180,-0.023669095348551
3271,-1.75227591775436
4277,-0.502103451569609
3544,-0.184225610430365
4242,0.732246435587551
4290,-0.772634603692094
3659,-1.5853912652618
4078,-0.0552041524065189
4631,-0.943126568131774
4063,1.13147796427291
4125,0.406855889633793
4062,0.600697412130587
4071,1.37256119703109
4072,0.947867178545982
4061,1.15328020384925
4065,0.691092575772089
3762,0.309352964562228
4075,1.24243737326066
3749,-0.708452924588668
3760,0.622979579546257
4081,0.903221471333453
3764,0.644275179325648
3755,0.976537582550763
4067,0.971640544364677
3748,0.262165882326916
3758,0.297300588987038
3761,0.7125423584572
3769,-1.32530627193519
3754,0.506469498947434
3768,-1.17718764633834
3759,0.475906247557477
3765,-0.0257530923616553
4076,-0.136963113722589
3723,0.169808566641905
4176,-0.505593937962909
4186,-0.145580906125912
4091,0.73705744672782
4207,0.613148310525395
4103,0.433037296618856
3777,2.67965858491166
3776,0.236338231067648
3798,0.551227069781591
3811,0.446182698270563
3780,1.4632486940414
3814,0.644301100656334
3812,1.49629852162143
4140,-0.858683183337555
4100,0.696911457449319
4074,0.919851734318364
4280,-0.652205886987457
4204,1.14451464947985
3815,0.67694351192572
3796,0.905389420534688
3813,1.16965505304866
3816,0.887972000746367
3793,1.76960095351238
4232,-0.515632205266776
4188,0.943411949559946
4184,1.27076000344401
3791,0.790871787394397
4227,0.849700040666376
3196,-0.328266373377513
4221,-0.0918305836375254
3158,0.215480072390843
4191,0.893986573247737
3129,0.893730256991227
4241,0.907086352483782
3145,-0.308994445958011
4136,-0.503697609516129
4251,-0.784729705181275
4002,0.650748354011316
3778,2.94584001961953
3548,-1.91685077180605
3842,0.426406650414136
3455,0.0179702384229483
3824,0.246092715329875
3803,0.625212705137766
3801,1.13874905449118
4147,-2.9925772935462
3804,1.8907608439982
3128,0.75325739848469
4231,0.257190838661886
4222,0.576160782830526
4247,0.614021418801296
4220,0.81755450732995
3964,1.11381610814307
4187,0.353559218360435
4010,0.615827229224337
4200,1.25999069652404
3969,-0.333400801670337
4608,0.449171927132953
3265,-0.168313485131387
3810,1.54967418860657
4868,-0.576368510419426
3808,0.479751238914587
3800,1.23845652636107
3789,1.83409171216786
4145,-3.39857769114275
4403,1.14204329151426
4382,1.18606512984188
4177,-0.237808272124647
4429,1.13218592736235
3646,-1.45865138567467
4625,-0.434106521872047
3701,0.595448826801667
3120,-1.29670942697388
3547,0.0553645902346772
3540,0.119477613882912
3543,0.0846675091407023
3545,-0.281186784123789
3628,0.0970960112322458
3954,0.962922423241994
3952,0.825133960857905
3940,0.898592170140088
4029,0.73519596405888
3973,0.569516249198367
3959,0.981707129761518
3953,0.889893527321434
3989,1.02258869142272
3924,1.04696545843432
3966,0.989034274977435
3938,0.8554049474721
3213,-0.376959519921488
4626,-0.246202342118627
3546,-0.374527994305364
3948,0.686736932561282
3123,1.07289631684241
4209,0.533825511878894
4011,0.811608681896061
4623,0.0556953740826411
3950,0.952806299504229
3633,-0.429993388532541
4610,-0.528292658828773
3166,0.292821167022
3176,1.30538675394
3180,0.933692726145
3182,-0.154241451938
3186,-0.800804886004
3188,0.816129211626
3192,1.01979097731
3194,0.347496171409
3198,-0.117611802599
3204,0.970033246156
3206,-0.478962461127
3210,1.36274157509
3214,0.487559814926
3216,-3.07301939494
3220,-1.57701263141
3224,0.460679550273
3226,1.28780931445
3234,-0.68382731082
3238,-0.175990914057
3240,1.30314651735
3247,0.0340082663448
3251,2.37414390065
3257,1.03524823321
3259,1.33648515989
3263,1.30954043717
3267,0.668214702124
3273,-1.09036549291
3283,-2.185089386
3289,-0.00163785892956
3291,0.161507408783
3303,0.385520751756
3311,0.761036143875
3321,0.275180138329
3323,-0.98234420151
3325,1.08097486689
3326,0.178371974939
3332,0.494934768748
3334,2.17630056444
3336,1.14996912804
3340,-0.262207492053
3342,0.0207699613223
3344,0.176529597211
3348,-1.6701823019
3350,0.716770192896
3364,-0.261788996223
3384,-1.28046469729
3388,2.06882788282
3396,3.74688237087
3398,-0.57105960029
3410,0.945191353117
3412,-2.49408548772
3414,-2.43719478186
3416,1.44790939101
3423,2.19548841116
3427,1.57533306907
3435,1.56267914315
3437,-2.41716208619
3439,-0.524186170761
3443,0.379991030897
3449,0.270391614722
3457,1.34823018612
3465,-0.64216041646
3469,-1.57933439029
3477,0.120531947308
3479,1.75901776604
3499,1.68674188705
3507,0.0144836378238
3509,1.30636866783
4117,3.00672560889
4619,-1.51638862611576
3541,-0.00595040397258408
3542,0.153809526739071
3985,0.77144077366338
4354,0.345361614845354
4172,-1.53870144563358
4015,1.16465521629104
3956,0.701428745670717
4025,0.963032713282935
4632,-1.32518403692541
4455,0.0237963110379758
3281,-0.366060099840909
4630,-2.31556063223935
3162,0.374621029369073
4624,-0.311485410192624
3612,-0.681114233050565
4426,-0.0821697943947029
3118,-0.305904065091766
4381,-0.246104322366549
3157,-1.28301216462953
3394,-0.370048862371368
4279,-0.461578839572059
4616,-1.06253708695221
4998,1.19991961708066
3404,-0.791663538141286
5011,1.18125226685554
3136,-0.24748997066041
3928,-0.0799915113659946
3352,-0.405904160189086
3442,-0.0654042744682067
3387,-0.110309712408264
3370,0.519138757445372
4617,-0.0153504087028459
3917,-0.962615635929389
5026,-0.0838279953116134
4997,1.01202880105091
5020,0.261482458631522
3413,-2.08777454808612
5015,1.1261790431889
5030,0.774788155463646
4022,-0.0234800909926027
5002,-1.97025425161946
5022,1.00346089717946
5031,0.56727163860621
3935,-0.373070933008479
4995,0.759692487514279
5018,0.841797940797851
4992,0.617187558887521
5003,1.22480940251863
4991,0.604551966129676
4996,0.3477973664433
5027,0.276248960112833
5013,-0.930387307135493
5001,0.879743472538799
5014,-0.816718539557844
4999,1.52191123467654
5019,0.549669271941746
5028,0.7845402050488
5005,0.0448899222241332
5010,0.0625716905283711
5017,0.147340824442998
5016,0.319609868782957
5029,-2.12714202320937
5009,0.646019708742975
5007,0.707602460223319
5024,-0.0774720707928756
5004,0.179554818090816
5006,-2.06173411336813
3467,-1.42574036371846
3386,-1.46333556734869
3425,-1.94892807588886
3349,-0.0739326997578931
3468,-1.32134543043816
3347,-1.62172574955945
3282,-1.7649395686794
3272,-1.66652649611919
4639,-1.32908804550295
4132,-0.782053455257436
3617,0.520559284629462
4135,0.267356096060228
3951,-0.0680426389675505
3215,-2.82286853639902
4130,-0.330543414546709
3638,-1.53790827141573
3233,-0.585676690230337
3219,-1.32323094959729
4131,0.145698127594315
4016,-0.244737844206247
4607,-1.51940450303007
3975,-0.46525264454829
4139,-0.684926844562699
4127,0.488498677296286
3184,-0.325146418990481
3744,-0.819649470760042
3993,-0.555458575535286
3341,-0.552751191077142
3165,-0.236931674781094
3185,-1.1158015257129
3190,-1.22213045550722
3438,-0.986193749870289
3305,-0.127386101113275
3330,-0.209888930454732
4628,-0.412468864244022
4303,0.820368124349467
4323,-1.42983473772258
4646,-0.413840446083882
3205,-0.423506479519584
4121,0.26261112801851
3918,-1.07577437471691
4129,-1.16852096964623
3968,-1.39945943023861
3288,-0.191072329137254
3772,-2.11573720326652
3763,0.0191541117820679
4128,-0.00440461537557933
3910,-0.880769702422019
3752,-0.123109806018212
5051,1.09681395906866
5066,0.702800265547457
5067,-0.392856098247389
5050,-0.353916731547749
5068,0.702421866918019
5056,-0.442800337465085
5060,0.701789625267389
4622,-0.207193863664338
4676,-0.516014355998708
5023,0.614378593686735
3767,-2.05938585745302
4634,-0.271518715185718
4609,-1.65904201896202
4606,-2.04699317299974
4614,-1.47322225303199
3489,-1.88868474907996
3963,-1.2073432255388
3197,-0.450157482832596
3124,-1.52233954647706
4620,-1.01437084254429
3911,-1.8128770810061
4612,-1.3983489359838
3148,-0.625164706266575
3155,-0.485776091180605
3142,-0.263706224333004
5063,1.17329411828335
5061,0.367071835673225
5069,1.17122587085284
5054,0.197010015410369
3279,-0.3626502313871
4637,-0.8668744733558
3179,0.31563253762978
4134,-0.0314335452504364
4629,-2.21561626297876
3520,-2.69838371934964
3125,0.2869679232937
3244,-1.29855957069477
4638,-0.608631206568852
4627,-0.0867219299970142
4994,-0.371880600237887
3448,-0.00727214712112389
5008,-0.32120276548032
3383,-0.956570460860517
3343,-1.22391915869317
3339,-0.439265018133293
3363,-0.543452039043192
5012,0.416984392556187
3313,-0.768508937229094
3295,-0.520680272622055
4335,-0.753549442436277
4681,-0.591773568510139
4615,-1.09498594379445
3433,-1.36493001362804
3168,-0.33722983319707
5052,-0.584892995134619
5055,0.551334752616981
5062,0.2759595820611
5053,1.27348927673126
5049,-0.713831702319285
5059,0.163164473208021
5064,0.510483840564429
5057,-0.81838511387832
5065,-0.679870218382432
5058,-0.64545487677098
3475,-0.309486275537117
5025,0.722148962598938
4993,0.88767677902778
5021,0.766832496883085
3302,0.0875659233175298
3324,0.0206613551146132
3328,0.256035305926915
5000,0.378528636743888
3175,0.275847843370238
3485,0.413182614297737
